Day,Total Area,Mean Area,Cluster Count,Total Volume,Mean Volume
0.0,444778.0,4276.711538461538,104,164947720.92086953,1586035.778085284
1.0,149499.0,983.546052631579,152,4208428.533730293,27687.029827172977
2.0,113401.0,3240.0285714285715,35,9924414.704575159,283554.70584500453
3.0,80567.0,2517.71875,32,12525057.409322234,391408.0440413198
4.0,81825.0,4545.833333333333,18,14286506.643228885,793694.8135127159
5.0,77020.0,5134.666666666667,15,13564299.843032267,904286.6562021511
