Day,Total Area,Mean Area,Cluster Count,Total Volume,Mean Volume
0.0,492125.0,7937.5,62,188659252.38603905,3042891.1675167587
1.0,160759.0,734.0593607305937,219,3819895.12744967,17442.443504336392
2.0,169721.0,1123.9801324503312,151,5182963.611791412,34324.26232974445
3.0,171202.0,1488.713043478261,115,6324994.257905161,54999.95006874053
4.0,160105.0,1496.3084112149534,107,5687643.794776459,53155.549483892144
5.0,163980.0,1975.6626506024097,83,7761450.542563395,93511.4523200409
