Tag number,Cluster size,Cluster volume,Cluster Centre x,Cluster Centre y,Event,Clusters in event,Timestep,Exp ID,Well ID
876.0,62.0,0.14133789803890667,302.0,388.0,Move,,04d12h00m,VID289,E4
918.0,136.0,0.4591762918949197,380.0,305.0,Appearance type 3,,04d12h00m,VID289,E4
897.0,163.0,0.6024936868965405,426.0,588.0,Move large,[897.0],04d12h00m,VID289,E4
185.0,172.0,0.6530760605562385,553.0,398.0,Move,,04d12h00m,VID289,E4
917.0,175.0,0.6702366418421394,435.0,727.0,Move,,04d12h00m,VID289,E4
879.0,183.0,0.716717037725359,490.0,951.0,Move large,[879.0],04d12h00m,VID289,E4
880.0,193.0,0.7762597311538117,460.0,9.0,Move,,04d12h00m,VID289,E4
883.0,274.0,1.3130973903961065,551.0,717.0,Move,,04d12h00m,VID289,E4
297.0,389.0,2.221240052995029,673.0,763.0,Move,,04d12h00m,VID289,E4
