Tag number,Cluster size,Cluster volume,Cluster Centre x,Cluster Centre y,Event,Clusters in event,Timestep,Exp ID,Well ID
876.0,60.0,0.13455442031997064,321.0,383.0,Move,,04d15h00m,VID289,E4
918.0,121.0,0.38534448648665776,382.0,305.0,Move,,04d15h00m,VID289,E4
897.0,143.0,0.49507973544802947,427.0,586.0,Move,,04d15h00m,VID289,E4
185.0,156.0,0.5641024572521017,552.0,404.0,Move,,04d15h00m,VID289,E4
917.0,159.0,0.5804526262322638,437.0,727.0,Move large,[917.0],04d15h00m,VID289,E4
879.0,168.0,0.6304273073010292,491.0,952.0,Move large,[879.0],04d15h00m,VID289,E4
880.0,175.0,0.6702366418421394,462.0,10.0,Move,,04d15h00m,VID289,E4
883.0,244.0,1.1034580657694057,554.0,717.0,Move,,04d15h00m,VID289,E4
297.0,351.0,1.9038457932258428,675.0,762.0,Move,,04d15h00m,VID289,E4
