Tag number,Cluster size,Cluster volume,Cluster Centre x,Cluster Centre y,Event,Clusters in event,Timestep,Exp ID,Well ID
876.0,55.0,0.11809054535921516,304.0,377.0,Move,,03d12h00m,VID289,E4
185.0,169.0,0.636064490466707,566.0,427.0,Coagulation,"[185.0, 898.0]",03d12h00m,VID289,E4
897.0,170.0,0.6417183764583291,435.0,615.0,Move large,[897.0],03d12h00m,VID289,E4
896.0,173.0,0.6587797615551737,434.0,752.0,Move large,[896.0],03d12h00m,VID289,E4
879.0,185.0,0.7284985414730539,487.0,953.0,Move large,[879.0],03d12h00m,VID289,E4
880.0,192.0,0.7702344461018454,460.0,11.0,Move,,03d12h00m,VID289,E4
881.0,215.0,0.9127015411759491,496.0,286.0,Move,,03d12h00m,VID289,E4
883.0,245.0,1.110248565074561,551.0,718.0,Move,,03d12h00m,VID289,E4
297.0,330.0,1.7355694774624142,673.0,763.0,Move,,03d12h00m,VID289,E4
