Tag number,Cluster size,Cluster volume,Cluster Centre x,Cluster Centre y,Event,Clusters in event,Timestep,Exp ID,Well ID
928.0,4.0,0.002316120129145952,162.0,106.0,Move,,05d00h00m,VID289,E6
931.0,42.0,0.07880341341262866,324.0,877.0,Move,,05d00h00m,VID289,E6
932.0,66.0,0.15523405325118997,368.0,475.0,Move,,05d00h00m,VID289,E6
938.0,84.0,0.2228897120188666,405.0,646.0,Splitting,[933.0],05d00h00m,VID289,E6
939.0,86.0,0.23089725552495632,412.0,608.0,Splitting,[933.0],05d00h00m,VID289,E6
177.0,108.0,0.32494265694921604,572.0,417.0,Move,,05d00h00m,VID289,E6
940.0,160.0,0.5859371954131638,521.0,577.0,Splitting,[177.0],05d00h00m,VID289,E6
935.0,221.0,0.951172979473995,626.0,564.0,Move,,05d00h00m,VID289,E6
941.0,247.0,1.1238711524843406,662.0,542.0,Appearance type 3,,05d00h00m,VID289,E6
