Tag number,Cluster size,Cluster volume,Cluster Centre x,Cluster Centre y,Event,Clusters in event,Timestep,Exp ID,Well ID
876.0,88.0,0.23899845981858991,317.0,380.0,Move,,04d06h00m,VID289,E4
911.0,180.0,0.6991652771315018,400.0,314.0,Move large,[911.0],04d06h00m,VID289,E4
186.0,226.0,0.9836344998696016,558.0,417.0,Move,,04d06h00m,VID289,E4
897.0,234.0,1.036322387188357,440.0,616.0,Move,,04d06h00m,VID289,E4
879.0,251.0,1.1512818981808104,481.0,959.0,Move,,04d06h00m,VID289,E4
880.0,263.0,1.234823018810861,463.0,10.0,Move,,04d06h00m,VID289,E4
883.0,338.0,1.7990620579238985,555.0,718.0,Move,,04d06h00m,VID289,E4
718.0,440.0,2.672084013360595,676.0,764.0,Move,,04d06h00m,VID289,E4
906.0,524.0,3.47270605652952,772.0,472.0,Move,,04d06h00m,VID289,E4
