Tag number,Cluster size,Cluster volume,Cluster Centre x,Cluster Centre y,Event,Clusters in event,Timestep,Exp ID,Well ID
876.0,58.0,0.12788307907387347,312.0,386.0,Move,,04d09h00m,VID289,E4
186.0,168.0,0.6304273073010292,560.0,404.0,Move,,04d09h00m,VID289,E4
917.0,169.0,0.636064490466707,438.0,750.0,Appearance type 1,,04d09h00m,VID289,E4
897.0,171.0,0.6473889160770508,441.0,617.0,Move,,04d09h00m,VID289,E4
879.0,180.0,0.6991652771315018,490.0,953.0,Move,,04d09h00m,VID289,E4
880.0,190.0,0.7582309284263258,464.0,8.0,Move,,04d09h00m,VID289,E4
883.0,262.0,1.2277870008198088,556.0,716.0,Move,,04d09h00m,VID289,E4
718.0,356.0,1.9446707902166074,677.0,762.0,Move,,04d09h00m,VID289,E4
906.0,447.0,2.7361025994548958,772.0,468.0,Move,,04d09h00m,VID289,E4
