Day,Total Area,Mean Area,Cluster Count,Total Volume,Mean Volume
1.0,155190.0,843.4239130434783,184,4145811.9772538575,22531.5868329014
2.0,125784.0,2062.032786885246,61,6257440.801542961,102580.99674660592
3.0,123810.0,2691.521739130435,46,8039463.210641267,174770.93936176668
4.0,111743.0,3286.5588235294117,34,7775576.81612229,228693.43576830265
5.0,102666.0,4666.636363636364,22,11675104.3782258,530686.5626466273
