Day,Total Area,Mean Area,Cluster Count,Total Volume,Mean Volume
0.0,265438.0,1074.6477732793521,247,21634704.17526217,87589.89544640556
1.0,173226.0,474.5917808219178,365,3204326.540295717,8778.976822727991
2.0,179330.0,747.2083333333334,240,4385989.015594257,18274.954231642736
3.0,171428.0,852.8756218905472,201,4444908.825164827,22113.974254551376
4.0,165683.0,936.0621468926554,177,4567150.388067214,25803.109537102904
5.0,157729.0,911.7283236994219,173,4198676.300879359,24269.80520739514
